{"courses":{"Year 1 Sem 1":{"MATH0000":{"byYear":{"2024-25":["24-25 MATH0000 Q1","24-25 MATH0000 Q2","24-25 MATH0000 Q3"]},"byTopic":{"Simple Mathematics":["24-25 MATH0000 Q1","24-25 MATH0000 Q2","24-25 MATH0000 Q3"]}}}},"questions":{"24-25 MATH0000 Q1":{"year":"2024-25","course":"MATH0000","question_number":1,"level":"Year 1 Sem 1","topic":"Simple Mathematics","question":"1 + 1 = ?","options":{"A":"0","B":"1","C":"2","D":"3"},"answer":"C","explanation":"One plus one is two"},"24-25 MATH0000 Q2":{"year":"2024-25","course":"MATH0000","question_number":2,"level":"Year 1 Sem 1","topic":"Simple Mathematics","question":"In the figure, $\\mathit{PQRS}$ is a rectangle. Let $\\mathit{T}$ be a point lying on $\\mathit{QR}$ such that $\\angle PTS = 90 \\degree$. $\\mathit{PQ}$ produced and $\\mathit{ST}$ produced meet at the point $\\mathit{U}$. $\\mathit{PT}$ is produced to the point $\\mathit{V}$ such that $RT = RV$. Which of the following must be true?\n\n![](img/24-25_MATH0000_Q2_1754472308690.png)","options":{"A":"$RV // ST$","B":"$\\angle PTQ = \\angle RTS$","C":"$\\triangle PST \\sim \\triangle UTQ$","D":"$\\triangle PQT \\cong \\triangle TRS$"},"answer":"C","explanation":"$\\angle PTS = \\angle UQT = 90 \\degree$\n\n$\\angle PST = \\angle UTQ \\; (corr. \\; \\angle s, \\; PS // QT)$\n\n$\\triangle PST \\sim \\triangle UTQ \\; (AA)$\n\n*(Question from HKDSE 2023 Maths Paper II Q21)*"},"24-25 MATH0000 Q3":{"year":"2024-25","course":"MATH0000","question_number":3,"level":"Year 1 Sem 1","topic":"Simple Mathematics","question":"Consider the following statements about 5 Boolean variables **A**, **B**, **C**, **D** and **E**:\n\n*   If **A** is true then **B** is true.\n*   **C** is true if and only if **B** is true.\n*   If **A** and **B** are equal then **D** is true.\n*   If **B** and **C** are equal then **E** is true.\n\nWhich of the following statements is always correct?","options":{"A":"If **B** is true then **D** is true.","B":"**C** is true if and only if **A** is true.","C":"At least one of **B** and **D** is true.","D":"It is possible that exactly one of **A**, **B**, **C**, **D**, **E** is true."},"answer":"C","explanation":"Consider the contrapositive statement of statement 1: “If **B** is false then **A** is false.”\n\nThen we can take one case of statement 3: “If **A** is false and **B** is false then **D** is true.”\n\nCombining with the contrapositive statement of statement 1 we get: “If **B** is false then **D** is true”, which has the same meaning as “At least one of **B** and **D** is true.”\n\n*(Question from Hong Kong Olympiad in Informatics 2023/24 Heat Event Senior Group Q15)*"}}}